{
  "welcomeFile": "/index.html",
  "authenticationMethod": "route",
  "routes": [
    {
      "source": "^/odata/(.*)$",
      "target": "/odata/$1",
      "destination": "incident-management-srv-api",
      "authenticationType": "xsuaa",
      "csrfProtection": false
    },
    {
     "source": "^/fesr$", 
     "target": "/fesr", 
     "destination": "incident-management-srv-api", 
     "csrfProtection": false, 
     "authenticationType": "none" 
   }, 
    {
      "source": "^/resources/(.*)$",
      "target": "/resources/$1",
      "authenticationType": "none",
      "destination": "ui5"
    },
    {
      "source": "^/test-resources/(.*)$",
      "target": "/test-resources/$1",
      "authenticationType": "none",
      "destination": "ui5"
    },
    {
      "source": "^(.*)$",
      "target": "$1",
      "service": "html5-apps-repo-rt",
      "authenticationType": "xsuaa"
    }
  ]
}
